"source_path","target_path","status","module_group","priority","notes"
"packages/snow_draw_engine/lib\draw\types\draw_color.dart","packages/snow_draw_rust_engine/src/draw/types/draw_color.rs","done","types","100","implemented"
"packages/snow_draw_engine/lib\draw\types\draw_point.dart","packages/snow_draw_rust_engine/src/draw/types/draw_point.rs","done","types","100","implemented"
"packages/snow_draw_engine/lib\draw\types\draw_rect.dart","packages/snow_draw_rust_engine/src/draw/types/draw_rect.rs","done","types","100","implemented"
"packages/snow_draw_engine/lib\draw\types\edit_context.dart","packages/snow_draw_rust_engine/src/draw/types/edit_context.rs","done","types","100","implemented"
"packages/snow_draw_engine/lib\draw\types\edit_operation_id.dart","packages/snow_draw_rust_engine/src/draw/types/edit_operation_id.rs","done","types","100","implemented"
"packages/snow_draw_engine/lib\draw\types\edit_transform.dart","packages/snow_draw_rust_engine/src/draw/types/edit_transform.rs","done","types","100","implemented"
"packages/snow_draw_engine/lib\draw\types\element_geometry.dart","packages/snow_draw_rust_engine/src/draw/types/element_geometry.rs","done","types","100","implemented"
"packages/snow_draw_engine/lib\draw\types\element_style.dart","packages/snow_draw_rust_engine/src/draw/types/element_style.rs","done","types","100","implemented"
"packages/snow_draw_engine/lib\draw\types\resize_mode.dart","packages/snow_draw_rust_engine/src/draw/types/resize_mode.rs","done","types","100","implemented"
"packages/snow_draw_engine/lib\draw\types\snap_guides.dart","packages/snow_draw_rust_engine/src/draw/types/snap_guides.rs","done","types","100","implemented"
"packages/snow_draw_engine/lib\draw\utils\arrow_binding_highlight.dart","packages/snow_draw_rust_engine/src/draw/utils/arrow_binding_highlight.rs","done","utils","110","implemented"
"packages/snow_draw_engine/lib\draw\utils\arrow_point_metrics.dart","packages/snow_draw_rust_engine/src/draw/utils/arrow_point_metrics.rs","done","utils","110","implemented"
"packages/snow_draw_engine/lib\draw\utils\binary_heap.dart","packages/snow_draw_rust_engine/src/draw/utils/binary_heap.rs","done","utils","110","implemented"
"packages/snow_draw_engine/lib\draw\utils\binding_highlight_visibility.dart","packages/snow_draw_rust_engine/src/draw/utils/binding_highlight_visibility.rs","done","utils","110","implemented"
"packages/snow_draw_engine/lib\draw\utils\calculators\create_calculator.dart","packages/snow_draw_rust_engine/src/draw/utils/calculators/create_calculator.rs","done","utils","110","implemented"
"packages/snow_draw_engine/lib\draw\utils\camera_zoom.dart","packages/snow_draw_rust_engine/src/draw/utils/camera_zoom.rs","done","utils","110","implemented"
"packages/snow_draw_engine/lib\draw\utils\combined_element_lookup.dart","packages/snow_draw_rust_engine/src/draw/utils/combined_element_lookup.rs","done","utils","110","implemented"
"packages/snow_draw_engine/lib\draw\utils\edit_intent_detector.dart","packages/snow_draw_rust_engine/src/draw/utils/edit_intent_detector.rs","done","utils","110","implemented"
"packages/snow_draw_engine/lib\draw\utils\handle_calculator.dart","packages/snow_draw_rust_engine/src/draw/utils/handle_calculator.rs","done","utils","110","implemented"
"packages/snow_draw_engine/lib\draw\utils\hit_test.dart","packages/snow_draw_rust_engine/src/draw/utils/hit_test.rs","done","utils","110","implemented"
"packages/snow_draw_engine/lib\draw\utils\list_equality.dart","packages/snow_draw_rust_engine/src/draw/utils/list_equality.rs","done","utils","110","implemented"
"packages/snow_draw_engine/lib\draw\utils\lru_cache.dart","packages/snow_draw_rust_engine/src/draw/utils/lru_cache.rs","done","utils","110","implemented"
"packages/snow_draw_engine/lib\draw\utils\selection_calculator.dart","packages/snow_draw_rust_engine/src/draw/utils/selection_calculator.rs","done","utils","110","implemented"
"packages/snow_draw_engine/lib\draw\utils\single_selection_profile.dart","packages/snow_draw_rust_engine/src/draw/utils/single_selection_profile.rs","done","utils","110","implemented"
"packages/snow_draw_engine/lib\draw\utils\snapping_mode.dart","packages/snow_draw_rust_engine/src/draw/utils/snapping_mode.rs","done","utils","110","implemented"
"packages/snow_draw_engine/lib\draw\utils\spatial_index.dart","packages/snow_draw_rust_engine/src/draw/utils/spatial_index.rs","done","utils","110","implemented"
"packages/snow_draw_engine/lib\draw\utils\string_normalization.dart","packages/snow_draw_rust_engine/src/draw/utils/string_normalization.rs","done","utils","110","implemented"
"packages/snow_draw_engine/lib\draw\utils\transforms\edit_transform_context.dart","packages/snow_draw_rust_engine/src/draw/utils/transforms/edit_transform_context.rs","done","utils","110","implemented"
"packages/snow_draw_engine/lib\draw\utils\transforms\resize_anchor_point.dart","packages/snow_draw_rust_engine/src/draw/utils/transforms/resize_anchor_point.rs","done","utils","110","implemented"
"packages/snow_draw_engine/lib\draw\utils\visible_elements.dart","packages/snow_draw_rust_engine/src/draw/utils/visible_elements.rs","done","utils","110","implemented"
"packages/snow_draw_engine/lib\utils\id_generator.dart","packages/snow_draw_rust_engine/src/utils/id_generator.rs","done","utils","110","implemented"
"packages/snow_draw_engine/lib\draw\config\canvas_config.dart","packages/snow_draw_rust_engine/src/draw/config/canvas_config.rs","done","config","120","implemented"
"packages/snow_draw_engine/lib\draw\config\config_manager.dart","packages/snow_draw_rust_engine/src/draw/config/config_manager.rs","done","config","120","implemented"
"packages/snow_draw_engine/lib\draw\config\draw_config.dart","packages/snow_draw_rust_engine/src/draw/config/draw_config.rs","done","config","120","implemented"
"packages/snow_draw_engine/lib\draw\config\element_config.dart","packages/snow_draw_rust_engine/src/draw/config/element_config.rs","done","config","120","implemented"
"packages/snow_draw_engine/lib\draw\config\grid_config.dart","packages/snow_draw_rust_engine/src/draw/config/grid_config.rs","done","config","120","implemented"
"packages/snow_draw_engine/lib\draw\config\highlight_config.dart","packages/snow_draw_rust_engine/src/draw/config/highlight_config.rs","done","config","120","implemented"
"packages/snow_draw_engine/lib\draw\config\selection_config.dart","packages/snow_draw_rust_engine/src/draw/config/selection_config.rs","done","config","120","implemented"
"packages/snow_draw_engine/lib\draw\config\snap_config.dart","packages/snow_draw_rust_engine/src/draw/config/snap_config.rs","done","config","120","implemented"
"packages/snow_draw_engine/lib\draw\config\watermark_config.dart","packages/snow_draw_rust_engine/src/draw/config/watermark_config.rs","done","config","120","implemented"
"packages/snow_draw_engine/lib\draw\core\app_error.dart","packages/snow_draw_rust_engine/src/draw/core/app_error.rs","done","core","130","implemented"
"packages/snow_draw_engine/lib\draw\core\callbacks.dart","packages/snow_draw_rust_engine/src/draw/core/callbacks.rs","done","core","130","implemented"
"packages/snow_draw_engine/lib\draw\core\coordinates\coordinate_space.dart","packages/snow_draw_rust_engine/src/draw/core/coordinates/coordinate_space.rs","done","core","130","implemented"
"packages/snow_draw_engine/lib\draw\core\coordinates\element_space.dart","packages/snow_draw_rust_engine/src/draw/core/coordinates/element_space.rs","done","core","130","implemented"
"packages/snow_draw_engine/lib\draw\core\coordinates\overlay_space.dart","packages/snow_draw_rust_engine/src/draw/core/coordinates/overlay_space.rs","done","core","130","implemented"
"packages/snow_draw_engine/lib\draw\core\coordinates\world_space.dart","packages/snow_draw_rust_engine/src/draw/core/coordinates/world_space.rs","done","core","130","implemented"
"packages/snow_draw_engine/lib\draw\core\draw_context.dart","packages/snow_draw_rust_engine/src/draw/core/draw_context.rs","done","core","130","implemented"
"packages/snow_draw_engine/lib\draw\core\error_context.dart","packages/snow_draw_rust_engine/src/draw/core/error_context.rs","done","core","130","implemented"
"packages/snow_draw_engine/lib\draw\core\geometry\move_geometry.dart","packages/snow_draw_rust_engine/src/draw/core/geometry/move_geometry.rs","done","core","130","implemented"
"packages/snow_draw_engine/lib\draw\core\geometry\resize_geometry.dart","packages/snow_draw_rust_engine/src/draw/core/geometry/resize_geometry.rs","done","core","130","implemented"
"packages/snow_draw_engine/lib\draw\core\geometry\rotate_geometry.dart","packages/snow_draw_rust_engine/src/draw/core/geometry/rotate_geometry.rs","done","core","130","implemented"
"packages/snow_draw_engine/lib\draw\core\value_listenable.dart","packages/snow_draw_rust_engine/src/draw/core/value_listenable.rs","done","core","130","implemented"
"packages/snow_draw_engine/lib\draw\events\edit_events.dart","packages/snow_draw_rust_engine/src/draw/events/edit_events.rs","done","events","140","implemented"
"packages/snow_draw_engine/lib\draw\events\error_events.dart","packages/snow_draw_rust_engine/src/draw/events/error_events.rs","done","events","140","implemented"
"packages/snow_draw_engine/lib\draw\events\event_bus.dart","packages/snow_draw_rust_engine/src/draw/events/event_bus.rs","done","events","140","implemented"
"packages/snow_draw_engine/lib\draw\events\event_payload_freezer.dart","packages/snow_draw_rust_engine/src/draw/events/event_payload_freezer.rs","done","events","140","implemented"
"packages/snow_draw_engine/lib\draw\events\state_events.dart","packages/snow_draw_rust_engine/src/draw/events/state_events.rs","done","events","140","implemented"
"packages/snow_draw_engine/lib\draw\history\history_metadata.dart","packages/snow_draw_rust_engine/src/draw/history/history_metadata.rs","done","history","150","implemented"
"packages/snow_draw_engine/lib\draw\history\recordable.dart","packages/snow_draw_rust_engine/src/draw/history/recordable.rs","done","history","150","implemented"
"packages/snow_draw_engine/lib\draw\elements\core\creation_strategy.dart","packages/snow_draw_rust_engine/src/draw/elements/core/creation_strategy.rs","done","elements","200","implemented"
"packages/snow_draw_engine/lib\draw\elements\core\element_data.dart","packages/snow_draw_rust_engine/src/draw/elements/core/element_data.rs","done","elements","200","implemented"
"packages/snow_draw_engine/lib\draw\elements\core\element_definition.dart","packages/snow_draw_rust_engine/src/draw/elements/core/element_definition.rs","done","elements","200","implemented"
"packages/snow_draw_engine/lib\draw\elements\core\element_hit_tester.dart","packages/snow_draw_rust_engine/src/draw/elements/core/element_hit_tester.rs","done","elements","200","implemented"
"packages/snow_draw_engine/lib\draw\elements\core\element_registry.dart","packages/snow_draw_rust_engine/src/draw/elements/core/element_registry.rs","done","elements","200","implemented"
"packages/snow_draw_engine/lib\draw\elements\core\element_style_configurable_data.dart","packages/snow_draw_rust_engine/src/draw/elements/core/element_style_configurable_data.rs","done","elements","200","implemented"
"packages/snow_draw_engine/lib\draw\elements\core\element_style_updatable_data.dart","packages/snow_draw_rust_engine/src/draw/elements/core/element_style_updatable_data.rs","done","elements","200","implemented"
"packages/snow_draw_engine/lib\draw\elements\core\element_type_id.dart","packages/snow_draw_rust_engine/src/draw/elements/core/element_type_id.rs","done","elements","200","implemented"
"packages/snow_draw_engine/lib\draw\elements\core\rect_creation_strategy.dart","packages/snow_draw_rust_engine/src/draw/elements/core/rect_creation_strategy.rs","done","elements","200","implemented"
"packages/snow_draw_engine/lib\draw\elements\core\typed_element_render_task_encoder.dart","packages/snow_draw_rust_engine/src/draw/elements/core/typed_element_render_task_encoder.rs","done","elements","200","implemented"
"packages/snow_draw_engine/lib\draw\elements\registration.dart","packages/snow_draw_rust_engine/src/draw/elements/registration.rs","done","elements","200","implemented"
"packages/snow_draw_engine/lib\draw\elements\text_rendering_cache_invalidation.dart","packages/snow_draw_rust_engine/src/draw/elements/text_rendering_cache_invalidation.rs","done","elements","200","implemented"
"packages/snow_draw_engine/lib\draw\elements\types\arrow\arrow_binding.dart","packages/snow_draw_rust_engine/src/draw/elements/types/arrow/arrow_binding.rs","done","elements","200","implemented"
"packages/snow_draw_engine/lib\draw\elements\types\arrow\arrow_binding_resolver.dart","packages/snow_draw_rust_engine/src/draw/elements/types/arrow/arrow_binding_resolver.rs","done","elements","200","implemented"
"packages/snow_draw_engine/lib\draw\elements\types\arrow\arrow_binding_snapper.dart","packages/snow_draw_rust_engine/src/draw/elements/types/arrow/arrow_binding_snapper.rs","done","elements","200","implemented"
"packages/snow_draw_engine/lib\draw\elements\types\arrow\arrow_binding_target_cache.dart","packages/snow_draw_rust_engine/src/draw/elements/types/arrow/arrow_binding_target_cache.rs","done","elements","200","implemented"
"packages/snow_draw_engine/lib\draw\elements\types\arrow\arrow_creation_strategy.dart","packages/snow_draw_rust_engine/src/draw/elements/types/arrow/arrow_creation_strategy.rs","done","elements","200","implemented"
"packages/snow_draw_engine/lib\draw\elements\types\arrow\arrow_data.dart","packages/snow_draw_rust_engine/src/draw/elements/types/arrow/arrow_data.rs","done","elements","200","implemented"
"packages/snow_draw_engine/lib\draw\elements\types\arrow\arrow_definition.dart","packages/snow_draw_rust_engine/src/draw/elements/types/arrow/arrow_definition.rs","done","elements","200","implemented"
"packages/snow_draw_engine/lib\draw\elements\types\arrow\arrow_geometry.dart","packages/snow_draw_rust_engine/src/draw/elements/types/arrow/arrow_geometry.rs","done","elements","200","implemented"
"packages/snow_draw_engine/lib\draw\elements\types\arrow\arrow_hit_tester.dart","packages/snow_draw_rust_engine/src/draw/elements/types/arrow/arrow_hit_tester.rs","done","elements","200","implemented"
"packages/snow_draw_engine/lib\draw\elements\types\arrow\arrow_layout.dart","packages/snow_draw_rust_engine/src/draw/elements/types/arrow/arrow_layout.rs","done","elements","200","implemented"
"packages/snow_draw_engine/lib\draw\elements\types\arrow\arrow_like_data.dart","packages/snow_draw_rust_engine/src/draw/elements/types/arrow/arrow_like_data.rs","done","elements","200","implemented"
"packages/snow_draw_engine/lib\draw\elements\types\arrow\arrow_like_data_codec.dart","packages/snow_draw_rust_engine/src/draw/elements/types/arrow/arrow_like_data_codec.rs","done","elements","200","implemented"
"packages/snow_draw_engine/lib\draw\elements\types\arrow\arrow_points.dart","packages/snow_draw_rust_engine/src/draw/elements/types/arrow/arrow_points.rs","done","elements","200","implemented"
"packages/snow_draw_engine/lib\draw\elements\types\arrow\arrow_task_encoder.dart","packages/snow_draw_rust_engine/src/draw/elements/types/arrow/arrow_task_encoder.rs","done","elements","200","implemented"
"packages/snow_draw_engine/lib\draw\elements\types\arrow\arrow_two_point_layout.dart","packages/snow_draw_rust_engine/src/draw/elements/types/arrow/arrow_two_point_layout.rs","done","elements","200","implemented"
"packages/snow_draw_engine/lib\draw\elements\types\arrow\elbow\elbow_constants.dart","packages/snow_draw_rust_engine/src/draw/elements/types/arrow/elbow/elbow_constants.rs","done","elements","200","implemented"
"packages/snow_draw_engine/lib\draw\elements\types\arrow\elbow\elbow_edit_endpoint_drag.dart","packages/snow_draw_rust_engine/src/draw/elements/types/arrow/elbow/elbow_edit_endpoint_drag.rs","done","elements","200","implemented"
"packages/snow_draw_engine/lib\draw\elements\types\arrow\elbow\elbow_edit_fixed_segments.dart","packages/snow_draw_rust_engine/src/draw/elements/types/arrow/elbow/elbow_edit_fixed_segments.rs","done","elements","200","implemented"
"packages/snow_draw_engine/lib\draw\elements\types\arrow\elbow\elbow_edit_perpendicular.dart","packages/snow_draw_rust_engine/src/draw/elements/types/arrow/elbow/elbow_edit_perpendicular.rs","done","elements","200","implemented"
"packages/snow_draw_engine/lib\draw\elements\types\arrow\elbow\elbow_edit_pipeline.dart","packages/snow_draw_rust_engine/src/draw/elements/types/arrow/elbow/elbow_edit_pipeline.rs","done","elements","200","implemented"
"packages/snow_draw_engine/lib\draw\elements\types\arrow\elbow\elbow_editing.dart","packages/snow_draw_rust_engine/src/draw/elements/types/arrow/elbow/elbow_editing.rs","done","elements","200","implemented"
"packages/snow_draw_engine/lib\draw\elements\types\arrow\elbow\elbow_fixed_segment.dart","packages/snow_draw_rust_engine/src/draw/elements/types/arrow/elbow/elbow_fixed_segment.rs","done","elements","200","implemented"
"packages/snow_draw_engine/lib\draw\elements\types\arrow\elbow\elbow_geometry.dart","packages/snow_draw_rust_engine/src/draw/elements/types/arrow/elbow/elbow_geometry.rs","done","elements","200","implemented"
"packages/snow_draw_engine/lib\draw\elements\types\arrow\elbow\elbow_heading.dart","packages/snow_draw_rust_engine/src/draw/elements/types/arrow/elbow/elbow_heading.rs","done","elements","200","implemented"
"packages/snow_draw_engine/lib\draw\elements\types\arrow\elbow\elbow_router.dart","packages/snow_draw_rust_engine/src/draw/elements/types/arrow/elbow/elbow_router.rs","done","elements","200","implemented"
"packages/snow_draw_engine/lib\draw\elements\types\arrow\elbow\elbow_router_obstacles.dart","packages/snow_draw_rust_engine/src/draw/elements/types/arrow/elbow/elbow_router_obstacles.rs","done","elements","200","implemented"
"packages/snow_draw_engine/lib\draw\elements\types\arrow\elbow\elbow_router_path.dart","packages/snow_draw_rust_engine/src/draw/elements/types/arrow/elbow/elbow_router_path.rs","done","elements","200","implemented"
"packages/snow_draw_engine/lib\draw\elements\types\arrow\elbow\elbow_router_pipeline.dart","packages/snow_draw_rust_engine/src/draw/elements/types/arrow/elbow/elbow_router_pipeline.rs","done","elements","200","implemented"
"packages/snow_draw_engine/lib\draw\elements\types\arrow\elbow\elbow_spacing.dart","packages/snow_draw_rust_engine/src/draw/elements/types/arrow/elbow/elbow_spacing.rs","done","elements","200","implemented"
"packages/snow_draw_engine/lib\draw\elements\types\filter\filter_data.dart","packages/snow_draw_rust_engine/src/draw/elements/types/filter/filter_data.rs","done","elements","200","implemented"
"packages/snow_draw_engine/lib\draw\elements\types\filter\filter_definition.dart","packages/snow_draw_rust_engine/src/draw/elements/types/filter/filter_definition.rs","done","elements","200","implemented"
"packages/snow_draw_engine/lib\draw\elements\types\filter\filter_hit_tester.dart","packages/snow_draw_rust_engine/src/draw/elements/types/filter/filter_hit_tester.rs","done","elements","200","implemented"
"packages/snow_draw_engine/lib\draw\elements\types\filter\filter_task_encoder.dart","packages/snow_draw_rust_engine/src/draw/elements/types/filter/filter_task_encoder.rs","done","elements","200","implemented"
"packages/snow_draw_engine/lib\draw\elements\types\free_draw\free_draw_creation_strategy.dart","packages/snow_draw_rust_engine/src/draw/elements/types/free_draw/free_draw_creation_strategy.rs","done","elements","200","implemented"
"packages/snow_draw_engine/lib\draw\elements\types\free_draw\free_draw_data.dart","packages/snow_draw_rust_engine/src/draw/elements/types/free_draw/free_draw_data.rs","done","elements","200","implemented"
"packages/snow_draw_engine/lib\draw\elements\types\free_draw\free_draw_definition.dart","packages/snow_draw_rust_engine/src/draw/elements/types/free_draw/free_draw_definition.rs","done","elements","200","implemented"
"packages/snow_draw_engine/lib\draw\elements\types\free_draw\free_draw_hit_tester.dart","packages/snow_draw_rust_engine/src/draw/elements/types/free_draw/free_draw_hit_tester.rs","done","elements","200","implemented"
"packages/snow_draw_engine/lib\draw\elements\types\free_draw\free_draw_task_encoder.dart","packages/snow_draw_rust_engine/src/draw/elements/types/free_draw/free_draw_task_encoder.rs","done","elements","200","implemented"
"packages/snow_draw_engine/lib\draw\elements\types\highlight\highlight_data.dart","packages/snow_draw_rust_engine/src/draw/elements/types/highlight/highlight_data.rs","done","elements","200","implemented"
"packages/snow_draw_engine/lib\draw\elements\types\highlight\highlight_definition.dart","packages/snow_draw_rust_engine/src/draw/elements/types/highlight/highlight_definition.rs","done","elements","200","implemented"
"packages/snow_draw_engine/lib\draw\elements\types\highlight\highlight_hit_tester.dart","packages/snow_draw_rust_engine/src/draw/elements/types/highlight/highlight_hit_tester.rs","done","elements","200","implemented"
"packages/snow_draw_engine/lib\draw\elements\types\highlight\highlight_task_encoder.dart","packages/snow_draw_rust_engine/src/draw/elements/types/highlight/highlight_task_encoder.rs","done","elements","200","implemented"
"packages/snow_draw_engine/lib\draw\elements\types\line\line_data.dart","packages/snow_draw_rust_engine/src/draw/elements/types/line/line_data.rs","done","elements","200","implemented"
"packages/snow_draw_engine/lib\draw\elements\types\line\line_definition.dart","packages/snow_draw_rust_engine/src/draw/elements/types/line/line_definition.rs","done","elements","200","implemented"
"packages/snow_draw_engine/lib\draw\elements\types\line\line_hit_tester.dart","packages/snow_draw_rust_engine/src/draw/elements/types/line/line_hit_tester.rs","done","elements","200","implemented"
"packages/snow_draw_engine/lib\draw\elements\types\line\line_task_encoder.dart","packages/snow_draw_rust_engine/src/draw/elements/types/line/line_task_encoder.rs","done","elements","200","implemented"
"packages/snow_draw_engine/lib\draw\elements\types\rectangle\rectangle_data.dart","packages/snow_draw_rust_engine/src/draw/elements/types/rectangle/rectangle_data.rs","done","elements","200","implemented"
"packages/snow_draw_engine/lib\draw\elements\types\rectangle\rectangle_definition.dart","packages/snow_draw_rust_engine/src/draw/elements/types/rectangle/rectangle_definition.rs","done","elements","200","implemented"
"packages/snow_draw_engine/lib\draw\elements\types\rectangle\rectangle_hit_tester.dart","packages/snow_draw_rust_engine/src/draw/elements/types/rectangle/rectangle_hit_tester.rs","done","elements","200","implemented"
"packages/snow_draw_engine/lib\draw\elements\types\rectangle\rectangle_task_encoder.dart","packages/snow_draw_rust_engine/src/draw/elements/types/rectangle/rectangle_task_encoder.rs","done","elements","200","implemented"
"packages/snow_draw_engine/lib\draw\elements\types\serial_number\serial_number_binding.dart","packages/snow_draw_rust_engine/src/draw/elements/types/serial_number/serial_number_binding.rs","done","elements","200","implemented"
"packages/snow_draw_engine/lib\draw\elements\types\serial_number\serial_number_creation_strategy.dart","packages/snow_draw_rust_engine/src/draw/elements/types/serial_number/serial_number_creation_strategy.rs","done","elements","200","implemented"
"packages/snow_draw_engine/lib\draw\elements\types\serial_number\serial_number_data.dart","packages/snow_draw_rust_engine/src/draw/elements/types/serial_number/serial_number_data.rs","done","elements","200","implemented"
"packages/snow_draw_engine/lib\draw\elements\types\serial_number\serial_number_definition.dart","packages/snow_draw_rust_engine/src/draw/elements/types/serial_number/serial_number_definition.rs","done","elements","200","implemented"
"packages/snow_draw_engine/lib\draw\elements\types\serial_number\serial_number_dependencies.dart","packages/snow_draw_rust_engine/src/draw/elements/types/serial_number/serial_number_dependencies.rs","done","elements","200","implemented"
"packages/snow_draw_engine/lib\draw\elements\types\serial_number\serial_number_hit_tester.dart","packages/snow_draw_rust_engine/src/draw/elements/types/serial_number/serial_number_hit_tester.rs","done","elements","200","implemented"
"packages/snow_draw_engine/lib\draw\elements\types\serial_number\serial_number_layout.dart","packages/snow_draw_rust_engine/src/draw/elements/types/serial_number/serial_number_layout.rs","done","elements","200","implemented"
"packages/snow_draw_engine/lib\draw\elements\types\serial_number\serial_number_sequence.dart","packages/snow_draw_rust_engine/src/draw/elements/types/serial_number/serial_number_sequence.rs","done","elements","200","implemented"
"packages/snow_draw_engine/lib\draw\elements\types\serial_number\serial_number_task_encoder.dart","packages/snow_draw_rust_engine/src/draw/elements/types/serial_number/serial_number_task_encoder.rs","done","elements","200","implemented"
"packages/snow_draw_engine/lib\draw\elements\types\shared\element_data_codec.dart","packages/snow_draw_rust_engine/src/draw/elements/types/shared/element_data_codec.rs","done","elements","200","implemented"
"packages/snow_draw_engine/lib\draw\elements\types\shared\hit_test_geometry.dart","packages/snow_draw_rust_engine/src/draw/elements/types/shared/hit_test_geometry.rs","done","elements","200","implemented"
"packages/snow_draw_engine/lib\draw\elements\types\text\text_bounds.dart","packages/snow_draw_rust_engine/src/draw/elements/types/text/text_bounds.rs","done","elements","200","implemented"
"packages/snow_draw_engine/lib\draw\elements\types\text\text_data.dart","packages/snow_draw_rust_engine/src/draw/elements/types/text/text_data.rs","done","elements","200","implemented"
"packages/snow_draw_engine/lib\draw\elements\types\text\text_definition.dart","packages/snow_draw_rust_engine/src/draw/elements/types/text/text_definition.rs","done","elements","200","implemented"
"packages/snow_draw_engine/lib\draw\elements\types\text\text_editing_geometry.dart","packages/snow_draw_rust_engine/src/draw/elements/types/text/text_editing_geometry.rs","done","elements","200","implemented"
"packages/snow_draw_engine/lib\draw\elements\types\text\text_hit_tester.dart","packages/snow_draw_rust_engine/src/draw/elements/types/text/text_hit_tester.rs","done","elements","200","implemented"
"packages/snow_draw_engine/lib\draw\elements\types\text\text_layout.dart","packages/snow_draw_rust_engine/src/draw/elements/types/text/text_layout.rs","done","elements","200","implemented"
"packages/snow_draw_engine/lib\draw\elements\types\text\text_layout_constants.dart","packages/snow_draw_rust_engine/src/draw/elements/types/text/text_layout_constants.rs","done","elements","200","implemented"
"packages/snow_draw_engine/lib\draw\elements\types\text\text_task_encoder.dart","packages/snow_draw_rust_engine/src/draw/elements/types/text/text_task_encoder.rs","done","elements","200","implemented"
"packages/snow_draw_engine/lib\draw\models\application_state.dart","packages/snow_draw_rust_engine/src/draw/models/application_state.rs","done","models","210","implemented"
"packages/snow_draw_engine/lib\draw\models\camera_state.dart","packages/snow_draw_rust_engine/src/draw/models/camera_state.rs","done","models","210","implemented"
"packages/snow_draw_engine/lib\draw\models\document_state.dart","packages/snow_draw_rust_engine/src/draw/models/document_state.rs","done","models","210","implemented"
"packages/snow_draw_engine/lib\draw\models\domain_state.dart","packages/snow_draw_rust_engine/src/draw/models/domain_state.rs","done","models","210","implemented"
"packages/snow_draw_engine/lib\draw\models\draw_state.dart","packages/snow_draw_rust_engine/src/draw/models/draw_state.rs","done","models","210","implemented"
"packages/snow_draw_engine/lib\draw\models\draw_state_view.dart","packages/snow_draw_rust_engine/src/draw/models/draw_state_view.rs","done","models","210","implemented"
"packages/snow_draw_engine/lib\draw\models\edit_session_id.dart","packages/snow_draw_rust_engine/src/draw/models/edit_session_id.rs","done","models","210","implemented"
"packages/snow_draw_engine/lib\draw\models\element_state.dart","packages/snow_draw_rust_engine/src/draw/models/element_state.rs","done","models","210","implemented"
"packages/snow_draw_engine/lib\draw\models\global_elements_state.dart","packages/snow_draw_rust_engine/src/draw/models/global_elements_state.rs","done","models","210","implemented"
"packages/snow_draw_engine/lib\draw\models\interaction_state.dart","packages/snow_draw_rust_engine/src/draw/models/interaction_state.rs","done","models","210","implemented"
"packages/snow_draw_engine/lib\draw\models\multi_select_lifecycle.dart","packages/snow_draw_rust_engine/src/draw/models/multi_select_lifecycle.rs","done","models","210","implemented"
"packages/snow_draw_engine/lib\draw\models\selection_derived_data.dart","packages/snow_draw_rust_engine/src/draw/models/selection_derived_data.rs","done","models","210","implemented"
"packages/snow_draw_engine/lib\draw\models\selection_geometry.dart","packages/snow_draw_rust_engine/src/draw/models/selection_geometry.rs","done","models","210","implemented"
"packages/snow_draw_engine/lib\draw\models\selection_overlay_state.dart","packages/snow_draw_rust_engine/src/draw/models/selection_overlay_state.rs","done","models","210","implemented"
"packages/snow_draw_engine/lib\draw\models\selection_state.dart","packages/snow_draw_rust_engine/src/draw/models/selection_state.rs","done","models","210","implemented"
"packages/snow_draw_engine/lib\draw\models\view_state.dart","packages/snow_draw_rust_engine/src/draw/models/view_state.rs","done","models","210","implemented"
"packages/snow_draw_engine/lib\draw\edit\apply\edit_apply.dart","packages/snow_draw_rust_engine/src/draw/edit/apply/edit_apply.rs","done","edit","300","implemented"
"packages/snow_draw_engine/lib\draw\edit\arrow\arrow_point_operation.dart","packages/snow_draw_rust_engine/src/draw/edit/arrow/arrow_point_operation.rs","done","edit","300","implemented"
"packages/snow_draw_engine/lib\draw\edit\core\arrow_binding_cleanup.dart","packages/snow_draw_rust_engine/src/draw/edit/core/arrow_binding_cleanup.rs","done","edit","300","implemented"
"packages/snow_draw_engine/lib\draw\edit\core\edit_cancel_reason.dart","packages/snow_draw_rust_engine/src/draw/edit/core/edit_cancel_reason.rs","done","edit","300","implemented"
"packages/snow_draw_engine/lib\draw\edit\core\edit_compute_pipeline.dart","packages/snow_draw_rust_engine/src/draw/edit/core/edit_compute_pipeline.rs","done","edit","300","implemented"
"packages/snow_draw_engine/lib\draw\edit\core\edit_computed_result.dart","packages/snow_draw_rust_engine/src/draw/edit/core/edit_computed_result.rs","done","edit","300","implemented"
"packages/snow_draw_engine/lib\draw\edit\core\edit_error_handler.dart","packages/snow_draw_rust_engine/src/draw/edit/core/edit_error_handler.rs","done","edit","300","implemented"
"packages/snow_draw_engine/lib\draw\edit\core\edit_errors.dart","packages/snow_draw_rust_engine/src/draw/edit/core/edit_errors.rs","done","edit","300","implemented"
"packages/snow_draw_engine/lib\draw\edit\core\edit_intent_to_operation_mapper.dart","packages/snow_draw_rust_engine/src/draw/edit/core/edit_intent_to_operation_mapper.rs","done","edit","300","implemented"
"packages/snow_draw_engine/lib\draw\edit\core\edit_modifiers.dart","packages/snow_draw_rust_engine/src/draw/edit/core/edit_modifiers.rs","done","edit","300","implemented"
"packages/snow_draw_engine/lib\draw\edit\core\edit_operation.dart","packages/snow_draw_rust_engine/src/draw/edit/core/edit_operation.rs","done","edit","300","implemented"
"packages/snow_draw_engine/lib\draw\edit\core\edit_operation_helpers.dart","packages/snow_draw_rust_engine/src/draw/edit/core/edit_operation_helpers.rs","done","edit","300","implemented"
"packages/snow_draw_engine/lib\draw\edit\core\edit_operation_params.dart","packages/snow_draw_rust_engine/src/draw/edit/core/edit_operation_params.rs","done","edit","300","implemented"
"packages/snow_draw_engine/lib\draw\edit\core\edit_result.dart","packages/snow_draw_rust_engine/src/draw/edit/core/edit_result.rs","done","edit","300","implemented"
"packages/snow_draw_engine/lib\draw\edit\core\edit_session_id_generator.dart","packages/snow_draw_rust_engine/src/draw/edit/core/edit_session_id_generator.rs","done","edit","300","implemented"
"packages/snow_draw_engine/lib\draw\edit\core\edit_session_service.dart","packages/snow_draw_rust_engine/src/draw/edit/core/edit_session_service.rs","done","edit","300","implemented"
"packages/snow_draw_engine/lib\draw\edit\core\edit_validation.dart","packages/snow_draw_rust_engine/src/draw/edit/core/edit_validation.rs","done","edit","300","implemented"
"packages/snow_draw_engine/lib\draw\edit\core\standard_finish_mixin.dart","packages/snow_draw_rust_engine/src/draw/edit/core/standard_finish_mixin.rs","done","edit","300","implemented"
"packages/snow_draw_engine/lib\draw\edit\edit_operations.dart","packages/snow_draw_rust_engine/src/draw/edit/edit_operations.rs","done","edit","300","implemented"
"packages/snow_draw_engine/lib\draw\edit\move\move_operation.dart","packages/snow_draw_rust_engine/src/draw/edit/move/move_operation.rs","done","edit","300","implemented"
"packages/snow_draw_engine/lib\draw\edit\preview\edit_preview.dart","packages/snow_draw_rust_engine/src/draw/edit/preview/edit_preview.rs","done","edit","300","implemented"
"packages/snow_draw_engine/lib\draw\edit\preview\edit_preview_engine.dart","packages/snow_draw_rust_engine/src/draw/edit/preview/edit_preview_engine.rs","done","edit","300","implemented"
"packages/snow_draw_engine/lib\draw\edit\resize\bounds\bounds_calculation.dart","packages/snow_draw_rust_engine/src/draw/edit/resize/bounds/bounds_calculation.rs","done","edit","300","implemented"
"packages/snow_draw_engine/lib\draw\edit\resize\resize_operation.dart","packages/snow_draw_rust_engine/src/draw/edit/resize/resize_operation.rs","done","edit","300","implemented"
"packages/snow_draw_engine/lib\draw\edit\rotate\angle_calculator.dart","packages/snow_draw_rust_engine/src/draw/edit/rotate/angle_calculator.rs","done","edit","300","implemented"
"packages/snow_draw_engine/lib\draw\edit\rotate\rotate_operation.dart","packages/snow_draw_rust_engine/src/draw/edit/rotate/rotate_operation.rs","done","edit","300","implemented"
"packages/snow_draw_engine/lib\draw\services\coordinate_service.dart","packages/snow_draw_rust_engine/src/draw/services/coordinate_service.rs","done","services","320","implemented"
"packages/snow_draw_engine/lib\draw\services\draw_state_view_builder.dart","packages/snow_draw_rust_engine/src/draw/services/draw_state_view_builder.rs","done","services","320","implemented"
"packages/snow_draw_engine/lib\draw\services\grid_snap_service.dart","packages/snow_draw_rust_engine/src/draw/services/grid_snap_service.rs","done","services","320","implemented"
"packages/snow_draw_engine/lib\draw\services\log\log_config.dart","packages/snow_draw_rust_engine/src/draw/services/log/log_config.rs","done","services","320","implemented"
"packages/snow_draw_engine/lib\draw\services\log\log_output.dart","packages/snow_draw_rust_engine/src/draw/services/log/log_output.rs","done","services","320","implemented"
"packages/snow_draw_engine/lib\draw\services\log\log_service.dart","packages/snow_draw_rust_engine/src/draw/services/log/log_service.rs","done","services","320","implemented"
"packages/snow_draw_engine/lib\draw\services\object_snap_service.dart","packages/snow_draw_rust_engine/src/draw/services/object_snap_service.rs","done","services","320","implemented"
"packages/snow_draw_engine/lib\draw\services\selection_data_computer.dart","packages/snow_draw_rust_engine/src/draw/services/selection_data_computer.rs","done","services","320","implemented"
"packages/snow_draw_engine/lib\draw\services\selection_geometry_resolver.dart","packages/snow_draw_rust_engine/src/draw/services/selection_geometry_resolver.rs","done","services","320","implemented"
"packages/snow_draw_engine/lib\draw\services\text\text_layout_constraints.dart","packages/snow_draw_rust_engine/src/draw/services/text/text_layout_constraints.rs","done","services","320","implemented"
"packages/snow_draw_engine/lib\draw\services\text\text_metrics_service.dart","packages/snow_draw_rust_engine/src/draw/services/text/text_metrics_service.rs","done","services","320","implemented"
"packages/snow_draw_engine/lib\draw\reducers\camera\camera_reducer.dart","packages/snow_draw_rust_engine/src/draw/reducers/camera/camera_reducer.rs","done","reducers","400","implemented"
"packages/snow_draw_engine/lib\draw\reducers\core\reducer_utils.dart","packages/snow_draw_rust_engine/src/draw/reducers/core/reducer_utils.rs","done","reducers","400","implemented"
"packages/snow_draw_engine/lib\draw\reducers\element\delete_element_handler.dart","packages/snow_draw_rust_engine/src/draw/reducers/element/delete_element_handler.rs","done","reducers","400","implemented"
"packages/snow_draw_engine/lib\draw\reducers\element\element_reducer.dart","packages/snow_draw_rust_engine/src/draw/reducers/element/element_reducer.rs","done","reducers","400","implemented"
"packages/snow_draw_engine/lib\draw\reducers\element\global_elements_handler.dart","packages/snow_draw_rust_engine/src/draw/reducers/element/global_elements_handler.rs","done","reducers","400","implemented"
"packages/snow_draw_engine/lib\draw\reducers\element\serial_number_handler.dart","packages/snow_draw_rust_engine/src/draw/reducers/element/serial_number_handler.rs","done","reducers","400","implemented"
"packages/snow_draw_engine/lib\draw\reducers\element\style_handler.dart","packages/snow_draw_rust_engine/src/draw/reducers/element/style_handler.rs","done","reducers","400","implemented"
"packages/snow_draw_engine/lib\draw\reducers\element\text_layout_refresh_handler.dart","packages/snow_draw_rust_engine/src/draw/reducers/element/text_layout_refresh_handler.rs","done","reducers","400","implemented"
"packages/snow_draw_engine/lib\draw\reducers\element\zindex_handler.dart","packages/snow_draw_rust_engine/src/draw/reducers/element/zindex_handler.rs","done","reducers","400","implemented"
"packages/snow_draw_engine/lib\draw\reducers\interaction\create\create_element_reducer.dart","packages/snow_draw_rust_engine/src/draw/reducers/interaction/create/create_element_reducer.rs","done","reducers","400","implemented"
"packages/snow_draw_engine/lib\draw\reducers\interaction\edit\edit_state_reducer.dart","packages/snow_draw_rust_engine/src/draw/reducers/interaction/edit/edit_state_reducer.rs","done","reducers","400","implemented"
"packages/snow_draw_engine/lib\draw\reducers\interaction\interaction_state_machine.dart","packages/snow_draw_rust_engine/src/draw/reducers/interaction/interaction_state_machine.rs","done","reducers","400","implemented"
"packages/snow_draw_engine/lib\draw\reducers\interaction\interaction_transition.dart","packages/snow_draw_rust_engine/src/draw/reducers/interaction/interaction_transition.rs","done","reducers","400","implemented"
"packages/snow_draw_engine/lib\draw\reducers\interaction\selection\box_select_reducer.dart","packages/snow_draw_rust_engine/src/draw/reducers/interaction/selection/box_select_reducer.rs","done","reducers","400","implemented"
"packages/snow_draw_engine/lib\draw\reducers\interaction\selection\pending_state_reducer.dart","packages/snow_draw_rust_engine/src/draw/reducers/interaction/selection/pending_state_reducer.rs","done","reducers","400","implemented"
"packages/snow_draw_engine/lib\draw\reducers\interaction\text\text_edit_reducer.dart","packages/snow_draw_rust_engine/src/draw/reducers/interaction/text/text_edit_reducer.rs","done","reducers","400","implemented"
"packages/snow_draw_engine/lib\draw\reducers\selection\selection_reducer.dart","packages/snow_draw_rust_engine/src/draw/reducers/selection/selection_reducer.rs","done","reducers","400","implemented"
"packages/snow_draw_engine/lib\draw\store\dispatch\action_processor.dart","packages/snow_draw_rust_engine/src/draw/store/dispatch/action_processor.rs","done","store","450","implemented"
"packages/snow_draw_engine/lib\draw\store\draw_store.dart","packages/snow_draw_rust_engine/src/draw/store/draw_store.rs","done","store","450","implemented"
"packages/snow_draw_engine/lib\draw\store\draw_store_interface.dart","packages/snow_draw_rust_engine/src/draw/store/draw_store_interface.rs","done","store","450","implemented"
"packages/snow_draw_engine/lib\draw\store\history_delta.dart","packages/snow_draw_rust_engine/src/draw/store/history_delta.rs","done","store","450","implemented"
"packages/snow_draw_engine/lib\draw\store\history_manager.dart","packages/snow_draw_rust_engine/src/draw/store/history_manager.rs","done","store","450","implemented"
"packages/snow_draw_engine/lib\draw\store\listener_registry.dart","packages/snow_draw_rust_engine/src/draw/store/listener_registry.rs","done","store","450","implemented"
"packages/snow_draw_engine/lib\draw\store\middleware\history_recording_error.dart","packages/snow_draw_rust_engine/src/draw/store/middleware/history_recording_error.rs","done","store","450","implemented"
"packages/snow_draw_engine/lib\draw\store\middleware\middleware_base.dart","packages/snow_draw_rust_engine/src/draw/store/middleware/middleware_base.rs","done","store","450","implemented"
"packages/snow_draw_engine/lib\draw\store\middleware\middleware_context.dart","packages/snow_draw_rust_engine/src/draw/store/middleware/middleware_context.rs","done","store","450","implemented"
"packages/snow_draw_engine/lib\draw\store\middleware\middleware_pipeline.dart","packages/snow_draw_rust_engine/src/draw/store/middleware/middleware_pipeline.rs","done","store","450","implemented"
"packages/snow_draw_engine/lib\draw\store\middleware\middleware_pipeline_factory.dart","packages/snow_draw_rust_engine/src/draw/store/middleware/middleware_pipeline_factory.rs","done","store","450","implemented"
"packages/snow_draw_engine/lib\draw\store\middleware\middlewares\history_middleware.dart","packages/snow_draw_rust_engine/src/draw/store/middleware/middlewares/history_middleware.rs","done","store","450","implemented"
"packages/snow_draw_engine/lib\draw\store\middleware\middlewares\interception_middleware.dart","packages/snow_draw_rust_engine/src/draw/store/middleware/middlewares/interception_middleware.rs","done","store","450","implemented"
"packages/snow_draw_engine/lib\draw\store\middleware\middlewares\reduction_middleware.dart","packages/snow_draw_rust_engine/src/draw/store/middleware/middlewares/reduction_middleware.rs","done","store","450","implemented"
"packages/snow_draw_engine/lib\draw\store\middleware\middlewares\validation_middleware.dart","packages/snow_draw_rust_engine/src/draw/store/middleware/middlewares/validation_middleware.rs","done","store","450","implemented"
"packages/snow_draw_engine/lib\draw\store\selector.dart","packages/snow_draw_rust_engine/src/draw/store/selector.rs","done","store","450","implemented"
"packages/snow_draw_engine/lib\draw\store\snapshot.dart","packages/snow_draw_rust_engine/src/draw/store/snapshot.rs","done","store","450","implemented"
"packages/snow_draw_engine/lib\draw\store\snapshot_builder.dart","packages/snow_draw_rust_engine/src/draw/store/snapshot_builder.rs","done","store","450","implemented"
"packages/snow_draw_engine/lib\draw\store\state_change_detector.dart","packages/snow_draw_rust_engine/src/draw/store/state_change_detector.rs","done","store","450","implemented"
"packages/snow_draw_engine/lib\draw\input\double_tap_tracker.dart","packages/snow_draw_rust_engine/src/draw/input/double_tap_tracker.rs","done","input","500","implemented"
"packages/snow_draw_engine/lib\draw\input\input_event.dart","packages/snow_draw_rust_engine/src/draw/input/input_event.rs","done","input","500","implemented"
"packages/snow_draw_engine/lib\draw\input\middleware\default_middlewares.dart","packages/snow_draw_rust_engine/src/draw/input/middleware/default_middlewares.rs","done","input","500","implemented"
"packages/snow_draw_engine/lib\draw\input\middleware\input_middleware.dart","packages/snow_draw_rust_engine/src/draw/input/middleware/input_middleware.rs","done","input","500","implemented"
"packages/snow_draw_engine/lib\draw\input\plugin_core.dart","packages/snow_draw_rust_engine/src/draw/input/plugin_core.rs","done","input","500","implemented"
"packages/snow_draw_engine/lib\draw\input\plugin_engine.dart","packages/snow_draw_rust_engine/src/draw/input/plugin_engine.rs","done","input","500","implemented"
"packages/snow_draw_engine/lib\draw\input\plugin_input_coordinator.dart","packages/snow_draw_rust_engine/src/draw/input/plugin_input_coordinator.rs","done","input","500","implemented"
"packages/snow_draw_engine/lib\draw\input\plugin_registry.dart","packages/snow_draw_rust_engine/src/draw/input/plugin_registry.rs","done","input","500","implemented"
"packages/snow_draw_engine/lib\draw\input\plugin_system.dart","packages/snow_draw_rust_engine/src/draw/input/plugin_system.rs","done","input","500","implemented"
"packages/snow_draw_engine/lib\draw\input\plugins\box_select_plugin.dart","packages/snow_draw_rust_engine/src/draw/input/plugins/box_select_plugin.rs","done","input","500","implemented"
"packages/snow_draw_engine/lib\draw\input\plugins\create_plugin.dart","packages/snow_draw_rust_engine/src/draw/input/plugins/create_plugin.rs","done","input","500","implemented"
"packages/snow_draw_engine/lib\draw\input\plugins\edit_plugin.dart","packages/snow_draw_rust_engine/src/draw/input/plugins/edit_plugin.rs","done","input","500","implemented"
"packages/snow_draw_engine/lib\draw\input\plugins\select_plugin.dart","packages/snow_draw_rust_engine/src/draw/input/plugins/select_plugin.rs","done","input","500","implemented"
"packages/snow_draw_engine/lib\draw\input\plugins\text_tool_plugin.dart","packages/snow_draw_rust_engine/src/draw/input/plugins/text_tool_plugin.rs","done","input","500","implemented"
"packages/snow_draw_engine/lib\draw\input\pointer_sample_resampler.dart","packages/snow_draw_rust_engine/src/draw/input/pointer_sample_resampler.rs","done","input","500","implemented"
"packages/snow_draw_engine/lib\draw\input\pointer_update_guard.dart","packages/snow_draw_rust_engine/src/draw/input/pointer_update_guard.rs","done","input","500","implemented"
"packages/snow_draw_engine/lib\draw\input\policies\arrow_binding_preview_policy.dart","packages/snow_draw_rust_engine/src/draw/input/policies/arrow_binding_preview_policy.rs","done","input","500","implemented"
"packages/snow_draw_engine/lib\draw\input\policies\drag_threshold_policy.dart","packages/snow_draw_rust_engine/src/draw/input/policies/drag_threshold_policy.rs","done","input","500","implemented"
"packages/snow_draw_engine/lib\draw\input\policies\eraser_stroke_processor.dart","packages/snow_draw_rust_engine/src/draw/input/policies/eraser_stroke_processor.rs","done","input","500","implemented"
"packages/snow_draw_engine/lib\draw\input\policies\pointer_move_dispatch_policy.dart","packages/snow_draw_rust_engine/src/draw/input/policies/pointer_move_dispatch_policy.rs","done","input","500","implemented"
"packages/snow_draw_engine/lib\draw\input\policies\selection_config_scaling_policy.dart","packages/snow_draw_rust_engine/src/draw/input/policies/selection_config_scaling_policy.rs","done","input","500","implemented"
"packages/snow_draw_engine/lib\draw\input\policies\style_scroll_adjustment_policy.dart","packages/snow_draw_rust_engine/src/draw/input/policies/style_scroll_adjustment_policy.rs","done","input","500","implemented"
"packages/snow_draw_engine/lib\draw\input\policies\tool_change_reset_policy.dart","packages/snow_draw_rust_engine/src/draw/input/policies/tool_change_reset_policy.rs","done","input","500","implemented"
"packages/snow_draw_engine/lib\draw\render\planning\filter_segment_builder.dart","packages/snow_draw_rust_engine/src/draw/render/planning/filter_segment_builder.rs","done","render","550","implemented"
"packages/snow_draw_engine/lib\draw\render\planning\filter_segments.dart","packages/snow_draw_rust_engine/src/draw/render/planning/filter_segments.rs","done","render","550","implemented"
"packages/snow_draw_engine/lib\draw\render\planning\highlight_mask_visibility.dart","packages/snow_draw_rust_engine/src/draw/render/planning/highlight_mask_visibility.rs","done","render","550","implemented"
"packages/snow_draw_engine/lib\draw\render\planning\serial_number_interaction_classifier.dart","packages/snow_draw_rust_engine/src/draw/render/planning/serial_number_interaction_classifier.rs","done","render","550","implemented"
"packages/snow_draw_engine/lib\draw\render\planning\visible_element_resolver.dart","packages/snow_draw_rust_engine/src/draw/render/planning/visible_element_resolver.rs","done","render","550","implemented"
"packages/snow_draw_engine/lib\draw\render\planning\watermark_visibility.dart","packages/snow_draw_rust_engine/src/draw/render/planning/watermark_visibility.rs","done","render","550","implemented"
"packages/snow_draw_engine/lib\draw\render\rect_intersection.dart","packages/snow_draw_rust_engine/src/draw/render/rect_intersection.rs","done","render","550","implemented"
"packages/snow_draw_engine/lib\draw\render\tasks\frame_render_plan.dart","packages/snow_draw_rust_engine/src/draw/render/tasks/frame_render_plan.rs","done","render","550","implemented"
"packages/snow_draw_engine/lib\draw\render\tasks\frame_render_plan_builder.dart","packages/snow_draw_rust_engine/src/draw/render/tasks/frame_render_plan_builder.rs","done","render","550","implemented"
"packages/snow_draw_engine/lib\draw\render\tasks\render_tasks.dart","packages/snow_draw_rust_engine/src/draw/render/tasks/render_tasks.rs","done","render","550","implemented"
"packages/snow_draw_engine/lib\draw\actions\actions.dart","packages/snow_draw_rust_engine/src/draw/actions/actions.rs","done","actions","600","implemented"
"packages/snow_draw_engine/lib\draw\actions\config_actions.dart","packages/snow_draw_rust_engine/src/draw/actions/config_actions.rs","done","actions","600","implemented"
"packages/snow_draw_engine/lib\draw\actions\draw_actions.dart","packages/snow_draw_rust_engine/src/draw/actions/draw_actions.rs","done","actions","600","implemented"
"packages/snow_draw_engine/lib\draw\actions\history_coalescing.dart","packages/snow_draw_rust_engine/src/draw/actions/history_coalescing.rs","done","actions","600","implemented"
"packages/snow_draw_engine/lib\draw\actions\history_policy.dart","packages/snow_draw_rust_engine/src/draw/actions/history_policy.rs","done","actions","600","implemented"
"packages/snow_draw_engine/lib\snow_draw_engine.dart","packages/snow_draw_rust_engine/src/lib_exports.rs","done","root","700","implemented"
